timestamp_utc,total_sessions,active_sessions,idle_sessions,idle_in_transaction,lock_waits,longest_transaction_seconds,longest_query_seconds,deadlocks,xact_commit,xact_rollback,temp_files,temp_bytes,blks_read,blks_hit
2026-08-10T06:48:55.851Z,3,0,3,0,0,0.000000,0.000000,0,66984,100,0,0,1122,4998650
2026-08-10T06:48:56.917Z,3,0,3,0,0,0.000000,0.000000,0,66988,100,0,0,1122,4999297
2026-08-10T06:48:57.989Z,3,0,3,0,0,0.000000,0.000000,0,66990,100,0,0,1122,4999942
2026-08-10T06:48:59.054Z,3,0,3,0,0,0.000000,0.000000,0,66992,100,0,0,1122,5000587
2026-08-10T06:49:00.110Z,3,0,3,0,0,0.000000,0.000000,0,66994,100,0,0,1122,5001232
2026-08-10T06:49:01.174Z,3,0,3,0,0,0.000000,0.000000,0,66996,100,0,0,1122,5001877
2026-08-10T06:49:02.232Z,3,0,3,0,0,0.000000,0.000000,0,66998,100,0,0,1122,5002522
2026-08-10T06:49:03.293Z,3,0,3,0,0,0.000000,0.000000,0,67000,100,0,0,1122,5003167
2026-08-10T06:49:04.478Z,3,0,3,0,0,0.000000,0.000000,0,67002,100,0,0,1122,5003812
2026-08-10T06:49:05.539Z,3,0,3,0,0,0.000000,0.000000,0,67004,100,0,0,1122,5004457
2026-08-10T06:49:06.615Z,3,0,3,0,0,0.000000,0.000000,0,67006,100,0,0,1122,5005102
2026-08-10T06:49:07.674Z,3,0,3,0,0,0.000000,0.000000,0,67008,100,0,0,1122,5005747
2026-08-10T06:49:08.749Z,3,0,3,0,0,0.000000,0.000000,0,67010,100,0,0,1122,5006392
2026-08-10T06:49:09.808Z,3,0,3,0,0,0.000000,0.000000,0,67012,100,0,0,1122,5007037
2026-08-10T06:49:10.878Z,3,0,3,0,0,0.000000,0.000000,0,67014,100,0,0,1122,5007682
2026-08-10T06:49:11.937Z,3,0,3,0,0,0.000000,0.000000,0,67016,100,0,0,1122,5008327
2026-08-10T06:49:13.006Z,3,0,3,0,0,0.000000,0.000000,0,67018,100,0,0,1122,5008972
2026-08-10T06:49:14.076Z,3,0,3,0,0,0.000000,0.000000,0,67020,100,0,0,1122,5009617
2026-08-10T06:49:15.130Z,3,0,3,0,0,0.000000,0.000000,0,67022,100,0,0,1122,5010262
2026-08-10T06:49:16.189Z,3,0,3,0,0,0.000000,0.000000,0,67024,100,0,0,1122,5010907
2026-08-10T06:49:17.251Z,3,0,3,0,0,0.000000,0.000000,0,67030,100,0,0,1122,5011728
2026-08-10T06:49:18.333Z,3,0,3,0,0,0.000000,0.000000,0,67032,100,0,0,1122,5012373
2026-08-10T06:49:19.392Z,3,0,3,0,0,0.000000,0.000000,0,67034,100,0,0,1122,5013018
2026-08-10T06:49:20.458Z,3,0,3,0,0,0.000000,0.000000,0,67054,100,0,0,1122,5018015
2026-08-10T06:49:21.526Z,3,0,3,0,0,0.000000,0.000000,0,67056,100,0,0,1122,5018660
2026-08-10T06:49:22.579Z,3,0,3,0,0,0.000000,0.000000,0,67058,100,0,0,1122,5019305
2026-08-10T06:49:23.634Z,3,0,3,0,0,0.000000,0.000000,0,67060,100,0,0,1122,5019950
2026-08-10T06:49:24.708Z,3,0,3,0,0,0.000000,0.000000,0,67064,100,0,0,1122,5020757
2026-08-10T06:49:25.768Z,3,0,3,0,0,0.000000,0.000000,0,67068,100,0,0,1122,5022373
2026-08-10T06:49:26.825Z,3,0,3,0,0,0.000000,0.000000,0,67070,100,0,0,1122,5023018
2026-08-10T06:49:27.893Z,3,0,3,0,0,0.000000,0.000000,0,67074,100,0,0,1122,5023667
2026-08-10T06:49:28.951Z,3,0,3,0,0,0.000000,0.000000,0,67078,100,0,0,1122,5024314
2026-08-10T06:49:30.013Z,3,0,3,0,0,0.000000,0.000000,0,67082,100,0,0,1122,5025038
2026-08-10T06:49:31.105Z,3,0,3,0,0,0.000000,0.000000,0,67104,100,0,0,1122,5025930
2026-08-10T06:49:32.356Z,3,0,3,0,0,0.000000,0.000000,0,67108,100,0,0,1122,5026579
2026-08-10T06:49:33.425Z,3,0,3,0,0,0.000000,0.000000,0,67110,100,0,0,1122,5027224
2026-08-10T06:49:34.489Z,3,0,3,0,0,0.000000,0.000000,0,67112,100,0,0,1122,5027869
2026-08-10T06:49:35.549Z,3,0,3,0,0,0.000000,0.000000,0,67116,100,0,0,1122,5028564
2026-08-10T06:49:36.611Z,3,0,3,0,0,0.000000,0.000000,0,67137,100,0,0,1122,5029454
2026-08-10T06:49:37.672Z,3,0,3,0,0,0.000000,0.000000,0,67139,100,0,0,1122,5030099
2026-08-10T06:49:38.752Z,3,0,3,0,0,0.000000,0.000000,0,67144,100,0,0,1122,5030910
2026-08-10T06:49:39.816Z,3,0,3,0,0,0.000000,0.000000,0,67146,100,0,0,1122,5031555
2026-08-10T06:49:40.891Z,3,0,3,0,0,0.000000,0.000000,0,67150,100,0,0,1122,5032204
2026-08-10T06:49:41.948Z,3,0,3,0,0,0.000000,0.000000,0,67173,100,0,0,1122,5033175
2026-08-10T06:49:43.006Z,3,0,3,0,0,0.000000,0.000000,0,67175,100,0,0,1122,5033820
2026-08-10T06:49:44.075Z,3,0,3,0,0,0.000000,0.000000,0,67180,100,0,0,1122,5034585
2026-08-10T06:49:45.137Z,3,0,3,0,0,0.000000,0.000000,0,67189,100,0,0,1122,5035345
2026-08-10T06:49:46.191Z,3,0,3,0,0,0.000000,0.000000,0,67191,100,0,0,1122,5035990
2026-08-10T06:49:47.256Z,3,0,3,0,0,0.000000,0.000000,0,67208,100,0,0,1122,5036819
2026-08-10T06:49:48.310Z,3,0,3,0,0,0.000000,0.000000,0,67213,100,0,0,1122,5037593
2026-08-10T06:49:49.369Z,3,0,3,0,0,0.000000,0.000000,0,67217,100,0,0,1122,5038348
2026-08-10T06:49:50.440Z,3,0,3,0,0,0.000000,0.000000,0,67221,100,0,0,1122,5038997
2026-08-10T06:49:51.507Z,3,0,3,0,0,0.000000,0.000000,0,67223,100,0,0,1122,5039642
2026-08-10T06:49:52.569Z,3,0,3,0,0,0.000000,0.000000,0,67228,100,0,0,1122,5040395
2026-08-10T06:49:53.631Z,3,0,3,0,0,0.000000,0.000000,0,67234,100,0,0,1122,5041118
2026-08-10T06:49:54.693Z,3,0,3,0,0,0.000000,0.000000,0,67238,100,0,0,1122,5042006
2026-08-10T06:49:55.762Z,3,0,3,0,0,0.000000,0.000000,0,67258,100,0,0,1122,5042889
2026-08-10T06:49:56.818Z,3,0,3,0,0,0.000000,0.000000,0,67282,100,0,0,1122,5049653
2026-08-10T06:49:57.885Z,3,0,3,0,0,0.000000,0.000000,0,67284,100,0,0,1122,5050298
2026-08-10T06:49:58.966Z,3,1,2,0,0,0.067815,0.000967,0,67288,100,0,0,1122,5050947
2026-08-10T06:50:00.036Z,3,0,3,0,0,0.000000,0.000000,0,67295,100,0,0,1122,5051642
2026-08-10T06:50:01.129Z,3,0,3,0,0,0.000000,0.000000,0,67322,100,0,0,1122,5053775
2026-08-10T06:50:02.191Z,3,0,3,0,0,0.000000,0.000000,0,67324,100,0,0,1122,5054420
2026-08-10T06:50:03.257Z,3,0,3,0,0,0.000000,0.000000,0,67329,100,0,0,1122,5055109
2026-08-10T06:50:04.304Z,3,0,3,0,0,0.000000,0.000000,0,67335,100,0,0,1122,5055944
2026-08-10T06:50:05.367Z,3,0,3,0,0,0.000000,0.000000,0,67359,100,0,0,1122,5056938
2026-08-10T06:50:06.424Z,3,0,3,0,0,0.000000,0.000000,0,67361,100,0,0,1122,5057583
2026-08-10T06:50:07.496Z,3,0,3,0,0,0.000000,0.000000,0,67388,100,0,0,1122,5058531
2026-08-10T06:50:08.547Z,3,0,3,0,0,0.000000,0.000000,0,67392,100,0,0,1122,5059249
2026-08-10T06:50:09.611Z,3,0,3,0,0,0.000000,0.000000,0,67416,100,0,0,1122,5060249
2026-08-10T06:50:10.670Z,3,0,3,0,0,0.000000,0.000000,0,67418,100,0,0,1122,5060894
2026-08-10T06:50:11.729Z,3,0,3,0,0,0.000000,0.000000,0,67444,100,0,0,1122,5061929
2026-08-10T06:50:12.799Z,3,0,3,0,0,0.000000,0.000000,0,67446,100,0,0,1122,5062574
2026-08-10T06:50:13.889Z,3,0,3,0,0,0.000000,0.000000,0,67455,100,0,0,1122,5063463
2026-08-10T06:50:14.949Z,3,0,3,0,0,0.000000,0.000000,0,67482,100,0,0,1122,5064546
2026-08-10T06:50:16.009Z,3,1,2,0,0,0.000742,0.000367,0,67490,100,0,0,1122,5065332
2026-08-10T06:50:17.070Z,3,0,3,0,0,0.000000,0.000000,0,67494,100,0,0,1122,5066114
2026-08-10T06:50:18.139Z,3,0,3,0,0,0.000000,0.000000,0,67496,100,0,0,1122,5066759
2026-08-10T06:50:19.192Z,3,0,3,0,0,0.000000,0.000000,0,67521,100,0,0,1122,5067657
2026-08-10T06:50:20.268Z,3,0,3,0,0,0.000000,0.000000,0,67523,100,0,0,1122,5068302
2026-08-10T06:50:21.325Z,3,0,3,0,0,0.000000,0.000000,0,67549,100,0,0,1122,5069477
2026-08-10T06:50:22.393Z,3,0,3,0,0,0.000000,0.000000,0,67555,100,0,0,1122,5070130
2026-08-10T06:50:23.473Z,3,0,3,0,0,0.000000,0.000000,0,67561,100,0,0,1122,5070812
2026-08-10T06:50:24.522Z,3,0,3,0,0,0.000000,0.000000,0,67588,100,0,0,1122,5071947
2026-08-10T06:50:25.586Z,3,0,3,0,0,0.000000,0.000000,0,67592,100,0,0,1122,5072596
2026-08-10T06:50:26.649Z,3,0,3,0,0,0.000000,0.000000,0,67598,100,0,0,1122,5073249
2026-08-10T06:50:27.706Z,3,0,3,0,0,0.000000,0.000000,0,67625,100,0,0,1122,5074295
2026-08-10T06:50:28.760Z,3,0,3,0,0,0.000000,0.000000,0,67627,100,0,0,1122,5074940
2026-08-10T06:50:29.825Z,3,0,3,0,0,0.000000,0.000000,0,67635,100,0,0,1122,5075645
2026-08-10T06:50:30.884Z,3,0,3,0,0,0.000000,0.000000,0,67637,100,0,0,1122,5076290
2026-08-10T06:50:31.986Z,3,0,3,0,0,0.000000,0.000000,0,67677,100,0,0,1122,5077383
2026-08-10T06:50:33.072Z,3,0,3,0,0,0.000000,0.000000,0,67682,100,0,0,1122,5078236
2026-08-10T06:50:34.153Z,3,0,3,0,0,0.000000,0.000000,0,67706,100,0,0,1122,5079152
2026-08-10T06:50:35.215Z,3,0,3,0,0,0.000000,0.000000,0,67711,100,0,0,1122,5079905
2026-08-10T06:50:36.280Z,3,0,3,0,0,0.000000,0.000000,0,67717,100,0,0,1122,5080727
2026-08-10T06:50:37.336Z,3,0,3,0,0,0.000000,0.000000,0,67722,100,0,0,1122,5081426
2026-08-10T06:50:38.400Z,3,0,3,0,0,0.000000,0.000000,0,67729,100,0,0,1122,5082154
2026-08-10T06:50:39.459Z,3,0,3,0,0,0.000000,0.000000,0,67737,100,0,0,1122,5082884
2026-08-10T06:50:40.516Z,3,0,3,0,0,0.000000,0.000000,0,67739,100,0,0,1122,5083529
2026-08-10T06:50:41.580Z,3,0,3,0,0,0.000000,0.000000,0,67745,100,0,0,1122,5084351
2026-08-10T06:50:42.651Z,3,0,3,0,0,0.000000,0.000000,0,67749,100,0,0,1122,5085000
2026-08-10T06:50:43.715Z,3,0,3,0,0,0.000000,0.000000,0,67790,100,0,0,1122,5086055
2026-08-10T06:50:44.779Z,3,0,3,0,0,0.000000,0.000000,0,67814,100,0,0,1122,5086978
2026-08-10T06:50:45.850Z,3,0,3,0,0,0.000000,0.000000,0,67816,100,0,0,1122,5087623
2026-08-10T06:50:46.900Z,3,0,3,0,0,0.000000,0.000000,0,67822,100,0,0,1122,5088367
2026-08-10T06:50:47.962Z,3,0,3,0,0,0.000000,0.000000,0,67844,100,0,0,1122,5089295
2026-08-10T06:50:49.069Z,3,0,3,0,0,0.000000,0.000000,0,67850,100,0,0,1122,5090048
2026-08-10T06:50:50.134Z,3,0,3,0,0,0.000000,0.000000,0,67876,100,0,0,1122,5091212
2026-08-10T06:50:51.210Z,3,0,3,0,0,0.000000,0.000000,0,67882,100,0,0,1122,5091938
2026-08-10T06:50:52.287Z,3,0,3,0,0,0.000000,0.000000,0,67892,100,0,0,1122,5096025
2026-08-10T06:50:53.360Z,3,0,3,0,0,0.000000,0.000000,0,67896,100,0,0,1122,5096743
2026-08-10T06:50:54.465Z,3,0,3,0,0,0.000000,0.000000,0,67900,100,0,0,1122,5097392
2026-08-10T06:50:55.529Z,3,0,3,0,0,0.000000,0.000000,0,67906,100,0,0,1122,5098114
2026-08-10T06:50:56.595Z,3,0,3,0,0,0.000000,0.000000,0,67913,100,0,0,1122,5098806
2026-08-10T06:50:57.652Z,3,0,2,1,0,0.001117,0.000000,0,67936,100,0,0,1122,5099694
2026-08-10T06:50:58.711Z,3,0,3,0,0,0.000000,0.000000,0,67980,100,0,0,1122,5104818
2026-08-10T06:50:59.773Z,3,0,3,0,0,0.000000,0.000000,0,67982,100,0,0,1122,5105463
2026-08-10T06:51:00.842Z,3,0,3,0,0,0.000000,0.000000,0,67988,100,0,0,1122,5106154
2026-08-10T06:51:01.908Z,3,0,3,0,0,0.000000,0.000000,0,68007,100,0,0,1122,5106979
2026-08-10T06:51:02.982Z,3,0,3,0,0,0.000000,0.000000,0,68014,100,0,0,1122,5107805
2026-08-10T06:51:04.036Z,3,0,3,0,0,0.000000,0.000000,0,68021,100,0,0,1122,5108593
2026-08-10T06:51:05.093Z,3,0,3,0,0,0.000000,0.000000,0,68025,100,0,0,1122,5109242
2026-08-10T06:51:06.157Z,3,0,3,0,0,0.000000,0.000000,0,68046,100,0,0,1122,5110126
2026-08-10T06:51:07.229Z,3,0,3,0,0,0.000000,0.000000,0,68052,100,0,0,1122,5110948
2026-08-10T06:51:08.282Z,3,0,3,0,0,0.000000,0.000000,0,68055,100,0,0,1122,5111752
2026-08-10T06:51:09.343Z,3,0,3,0,0,0.000000,0.000000,0,68067,100,0,0,1122,5112688
2026-08-10T06:51:10.405Z,3,0,2,1,0,0.004487,0.000000,0,68072,100,0,0,1122,5113410
2026-08-10T06:51:11.475Z,3,0,3,0,0,0.000000,0.000000,0,68081,100,0,0,1122,5114205
2026-08-10T06:51:12.539Z,3,0,3,0,0,0.000000,0.000000,0,68085,100,0,0,1122,5114854
2026-08-10T06:51:13.607Z,3,0,3,0,0,0.000000,0.000000,0,68109,100,0,0,1122,5115752
2026-08-10T06:51:14.675Z,3,0,3,0,0,0.000000,0.000000,0,68113,100,0,0,1122,5116430
2026-08-10T06:51:15.726Z,3,0,3,0,0,0.000000,0.000000,0,68155,100,0,0,1122,5117523
2026-08-10T06:51:16.786Z,3,0,3,0,0,0.000000,0.000000,0,68157,100,0,0,1122,5118168
2026-08-10T06:51:17.855Z,3,0,3,0,0,0.000000,0.000000,0,68202,100,0,0,1122,5119391
2026-08-10T06:51:18.919Z,3,0,3,0,0,0.000000,0.000000,0,68204,100,0,0,1122,5120036
2026-08-10T06:51:19.983Z,3,0,3,0,0,0.000000,0.000000,0,68212,100,0,0,1122,5120851
2026-08-10T06:51:21.038Z,3,0,3,0,0,0.000000,0.000000,0,68216,100,0,0,1122,5121546
2026-08-10T06:51:22.094Z,3,0,3,0,0,0.000000,0.000000,0,68226,100,0,0,1122,5122519
2026-08-10T06:51:23.154Z,3,0,3,0,0,0.000000,0.000000,0,68228,100,0,0,1122,5123164
2026-08-10T06:51:24.211Z,3,0,3,0,0,0.000000,0.000000,0,68239,100,0,0,1122,5123998
2026-08-10T06:51:25.274Z,3,0,3,0,0,0.000000,0.000000,0,68241,100,0,0,1122,5124643
2026-08-10T06:51:26.345Z,3,0,3,0,0,0.000000,0.000000,0,68249,100,0,0,1122,5125444
2026-08-10T06:51:27.406Z,3,0,3,0,0,0.000000,0.000000,0,68253,100,0,0,1122,5126162
2026-08-10T06:51:28.460Z,3,0,3,0,0,0.000000,0.000000,0,68276,100,0,0,1122,5127018
2026-08-10T06:51:29.520Z,3,0,3,0,0,0.000000,0.000000,0,68278,100,0,0,1122,5127663
2026-08-10T06:51:30.581Z,3,0,3,0,0,0.000000,0.000000,0,68289,100,0,0,1122,5128435
2026-08-10T06:51:31.651Z,3,0,3,0,0,0.000000,0.000000,0,68293,100,0,0,1122,5129084
2026-08-10T06:51:32.713Z,3,0,3,0,0,0.000000,0.000000,0,68334,100,0,0,1122,5130137
2026-08-10T06:51:33.786Z,3,0,3,0,0,0.000000,0.000000,0,68340,100,0,0,1122,5130930
2026-08-10T06:51:34.857Z,3,0,3,0,0,0.000000,0.000000,0,68386,100,0,0,1122,5132095
2026-08-10T06:51:35.928Z,3,0,3,0,0,0.000000,0.000000,0,68392,100,0,0,1122,5132863
2026-08-10T06:51:37.001Z,3,0,3,0,0,0.000000,0.000000,0,68400,100,0,0,1122,5133832
2026-08-10T06:51:38.059Z,3,0,3,0,0,0.000000,0.000000,0,68405,100,0,0,1122,5134585
2026-08-10T06:51:39.127Z,3,0,3,0,0,0.000000,0.000000,0,68411,100,0,0,1122,5135238
2026-08-10T06:51:40.188Z,3,0,3,0,0,0.000000,0.000000,0,68419,100,0,0,1122,5136033
2026-08-10T06:51:41.254Z,3,0,3,0,0,0.000000,0.000000,0,68424,100,0,0,1122,5136684
2026-08-10T06:51:42.313Z,3,0,3,0,0,0.000000,0.000000,0,68447,100,0,0,1122,5137536
2026-08-10T06:51:43.372Z,3,0,3,0,0,0.000000,0.000000,0,68454,100,0,0,1122,5138331
2026-08-10T06:51:44.428Z,3,0,3,0,0,0.000000,0.000000,0,68458,100,0,0,1122,5138980
2026-08-10T06:51:45.511Z,3,0,3,0,0,0.000000,0.000000,0,68464,100,0,0,1122,5139662
2026-08-10T06:51:46.573Z,3,0,3,0,0,0.000000,0.000000,0,68504,100,0,0,1122,5140713
2026-08-10T06:51:47.641Z,3,0,2,1,0,0.002803,0.000000,0,68510,100,0,0,1122,5141441
2026-08-10T06:51:48.698Z,3,0,3,0,0,0.000000,0.000000,0,68532,100,0,0,1122,5142291
2026-08-10T06:51:49.764Z,3,0,3,0,0,0.000000,0.000000,0,68540,100,0,0,1122,5143160
2026-08-10T06:51:50.826Z,3,0,3,0,0,0.000000,0.000000,0,68562,100,0,0,1122,5144041
2026-08-10T06:51:51.887Z,3,0,3,0,0,0.000000,0.000000,0,68571,100,0,0,1122,5144917
2026-08-10T06:51:52.944Z,3,0,3,0,0,0.000000,0.000000,0,68577,100,0,0,1122,5145674
2026-08-10T06:51:54.013Z,3,0,3,0,0,0.000000,0.000000,0,68583,100,0,0,1122,5146433
2026-08-10T06:51:55.101Z,3,0,3,0,0,0.000000,0.000000,0,68587,100,0,0,1122,5147151
2026-08-10T06:51:56.167Z,3,0,3,0,0,0.000000,0.000000,0,68593,100,0,0,1122,5147804
2026-08-10T06:51:57.240Z,3,0,3,0,0,0.000000,0.000000,0,68599,100,0,0,1122,5148595
2026-08-10T06:51:58.299Z,3,0,3,0,0,0.000000,0.000000,0,68640,100,0,0,1122,5149650
2026-08-10T06:51:59.355Z,3,0,3,0,0,0.000000,0.000000,0,68647,100,0,0,1122,5150374
2026-08-10T06:52:00.419Z,3,0,3,0,0,0.000000,0.000000,0,68649,100,0,0,1122,5151019
2026-08-10T06:52:01.470Z,3,0,3,0,0,0.000000,0.000000,0,68673,100,0,0,1122,5151946
2026-08-10T06:52:02.529Z,3,0,3,0,0,0.000000,0.000000,0,68682,100,0,0,1122,5152764
2026-08-10T06:52:03.592Z,3,0,3,0,0,0.000000,0.000000,0,68703,100,0,0,1122,5153654
2026-08-10T06:52:04.643Z,3,0,3,0,0,0.000000,0.000000,0,68707,100,0,0,1122,5154303
2026-08-10T06:52:05.702Z,3,0,3,0,0,0.000000,0.000000,0,68730,100,0,0,1122,5155287
2026-08-10T06:52:06.760Z,3,0,3,0,0,0.000000,0.000000,0,68734,100,0,0,1122,5156005
2026-08-10T06:52:07.817Z,3,0,3,0,0,0.000000,0.000000,0,68744,100,0,0,1122,5156897
2026-08-10T06:52:08.886Z,3,0,3,0,0,0.000000,0.000000,0,68748,100,0,0,1122,5157546
2026-08-10T06:52:09.936Z,3,0,3,0,0,0.000000,0.000000,0,68754,100,0,0,1122,5158199
2026-08-10T06:52:10.993Z,3,0,3,0,0,0.000000,0.000000,0,68764,100,0,0,1122,5159100
2026-08-10T06:52:12.049Z,3,0,3,0,0,0.000000,0.000000,0,68789,100,0,0,1122,5160025
2026-08-10T06:52:13.122Z,3,0,3,0,0,0.000000,0.000000,0,68791,100,0,0,1122,5160670
2026-08-10T06:52:14.181Z,3,0,3,0,0,0.000000,0.000000,0,68817,100,0,0,1122,5161599
2026-08-10T06:52:15.245Z,3,0,3,0,0,0.000000,0.000000,0,68838,100,0,0,1122,5162447
2026-08-10T06:52:16.307Z,3,0,3,0,0,0.000000,0.000000,0,68840,100,0,0,1122,5163092
2026-08-10T06:52:17.372Z,3,0,3,0,0,0.000000,0.000000,0,68865,100,0,0,1122,5164110
2026-08-10T06:52:18.439Z,3,0,3,0,0,0.000000,0.000000,0,68872,100,0,0,1122,5164836
2026-08-10T06:52:19.489Z,3,0,3,0,0,0.000000,0.000000,0,68914,100,0,0,1122,5165993
2026-08-10T06:52:20.577Z,3,0,2,1,0,0.012724,0.000000,0,68922,100,0,0,1122,5166812
2026-08-10T06:52:21.653Z,3,0,3,0,0,0.000000,0.000000,0,68930,100,0,0,1122,5167607
2026-08-10T06:52:22.720Z,3,0,3,0,0,0.000000,0.000000,0,68934,100,0,0,1122,5168256
2026-08-10T06:52:23.783Z,3,0,3,0,0,0.000000,0.000000,0,68938,100,0,0,1122,5169005
2026-08-10T06:52:24.859Z,3,0,3,0,0,0.000000,0.000000,0,68951,100,0,0,1122,5170016
2026-08-10T06:52:25.927Z,3,0,3,0,0,0.000000,0.000000,0,68961,100,0,0,1122,5170815
2026-08-10T06:52:26.991Z,3,0,3,0,0,0.000000,0.000000,0,68965,100,0,0,1122,5171464
2026-08-10T06:52:28.052Z,3,0,3,0,0,0.000000,0.000000,0,68973,100,0,0,1122,5172190
2026-08-10T06:52:29.113Z,3,0,3,0,0,0.000000,0.000000,0,69018,100,0,0,1122,5173356
2026-08-10T06:52:30.171Z,3,0,3,0,0,0.000000,0.000000,0,69039,100,0,0,1122,5174204
2026-08-10T06:52:31.244Z,3,0,3,0,0,0.000000,0.000000,0,69043,100,0,0,1122,5174882
2026-08-10T06:52:32.315Z,3,0,3,0,0,0.000000,0.000000,0,69104,100,0,0,1122,5176186
2026-08-10T06:52:33.399Z,3,0,3,0,0,0.000000,0.000000,0,69114,100,0,0,1122,5177047
2026-08-10T06:52:34.465Z,3,0,3,0,0,0.000000,0.000000,0,69118,100,0,0,1122,5177725
2026-08-10T06:52:35.531Z,3,0,3,0,0,0.000000,0.000000,0,69142,100,0,0,1122,5178781
2026-08-10T06:52:36.627Z,3,0,3,0,0,0.000000,0.000000,0,69150,100,0,0,1122,5179742
2026-08-10T06:52:37.675Z,3,0,3,0,0,0.000000,0.000000,0,69157,100,0,0,1122,5180399
2026-08-10T06:52:38.740Z,3,0,3,0,0,0.000000,0.000000,0,69165,100,0,0,1122,5181298
2026-08-10T06:52:39.803Z,3,0,3,0,0,0.000000,0.000000,0,69169,100,0,0,1122,5181947
2026-08-10T06:52:40.925Z,3,0,3,0,0,0.000000,0.000000,0,69178,100,0,0,1122,5182679
2026-08-10T06:52:41.985Z,3,0,3,0,0,0.000000,0.000000,0,69183,100,0,0,1122,5183470
2026-08-10T06:52:43.053Z,3,0,3,0,0,0.000000,0.000000,0,69210,100,0,0,1122,5184507
2026-08-10T06:52:44.125Z,3,0,2,1,0,0.001672,0.000000,0,69236,100,0,0,1122,5185394
2026-08-10T06:52:45.199Z,3,0,3,0,0,0.000000,0.000000,0,69240,100,0,0,1122,5186043
2026-08-10T06:52:46.282Z,3,0,3,0,0,0.000000,0.000000,0,69265,100,0,0,1122,5186972
2026-08-10T06:52:47.353Z,3,0,3,0,0,0.000000,0.000000,0,69286,100,0,0,1122,5187820
2026-08-10T06:52:48.431Z,3,0,3,0,0,0.000000,0.000000,0,69347,100,0,0,1122,5189143
2026-08-10T06:52:49.488Z,3,0,3,0,0,0.000000,0.000000,0,69351,100,0,0,1122,5189821
2026-08-10T06:52:50.551Z,3,0,3,0,0,0.000000,0.000000,0,69381,100,0,0,1122,5191151
2026-08-10T06:52:51.620Z,3,0,3,0,0,0.000000,0.000000,0,69391,100,0,0,1122,5191945
2026-08-10T06:52:52.685Z,3,0,3,0,0,0.000000,0.000000,0,69397,100,0,0,1122,5192698
2026-08-10T06:52:53.748Z,3,0,3,0,0,0.000000,0.000000,0,69407,100,0,0,1122,5193670
2026-08-10T06:52:54.813Z,3,0,3,0,0,0.000000,0.000000,0,69418,100,0,0,1122,5194577
2026-08-10T06:52:55.891Z,3,0,3,0,0,0.000000,0.000000,0,69423,100,0,0,1122,5195230
2026-08-10T06:52:56.964Z,3,0,3,0,0,0.000000,0.000000,0,69450,100,0,0,1122,5196124
2026-08-10T06:52:58.023Z,3,0,3,0,0,0.000000,0.000000,0,69480,100,0,0,1122,5197232
2026-08-10T06:52:59.089Z,3,0,3,0,0,0.000000,0.000000,0,69502,100,0,0,1122,5198082
2026-08-10T06:53:00.161Z,3,0,3,0,0,0.000000,0.000000,0,69529,100,0,0,1122,5199007
2026-08-10T06:53:01.242Z,3,0,3,0,0,0.000000,0.000000,0,69552,100,0,0,1122,5199888
2026-08-10T06:53:02.326Z,3,0,3,0,0,0.000000,0.000000,0,69598,100,0,0,1122,5201157
2026-08-10T06:53:03.391Z,3,0,3,0,0,0.000000,0.000000,0,69621,100,0,0,1122,5202038
2026-08-10T06:53:04.436Z,3,0,3,0,0,0.000000,0.000000,0,69635,100,0,0,1122,5202995
2026-08-10T06:53:05.492Z,3,0,3,0,0,0.000000,0.000000,0,69639,100,0,0,1122,5203744
2026-08-10T06:53:06.559Z,3,0,3,0,0,0.000000,0.000000,0,69684,100,0,0,1122,5204908
2026-08-10T06:53:07.621Z,3,0,3,0,0,0.000000,0.000000,0,69694,100,0,0,1122,5205667
2026-08-10T06:53:08.678Z,3,0,3,0,0,0.000000,0.000000,0,69708,100,0,0,1122,5206709
2026-08-10T06:53:09.738Z,3,0,3,0,0,0.000000,0.000000,0,69733,100,0,0,1122,5207765
2026-08-10T06:53:10.796Z,3,0,3,0,0,0.000000,0.000000,0,69739,100,0,0,1122,5208491
2026-08-10T06:53:11.861Z,3,0,2,1,0,0.004673,0.000000,0,69747,100,0,0,1122,5209252
2026-08-10T06:53:12.932Z,3,0,3,0,0,0.000000,0.000000,0,69763,100,0,0,1122,5210235
2026-08-10T06:53:13.985Z,3,0,3,0,0,0.000000,0.000000,0,69807,100,0,0,1122,5211509
2026-08-10T06:53:15.049Z,3,0,3,0,0,0.000000,0.000000,0,69848,100,0,0,1122,5212567
2026-08-10T06:53:16.119Z,3,0,3,0,0,0.000000,0.000000,0,69854,100,0,0,1122,5213311
2026-08-10T06:53:17.186Z,3,0,3,0,0,0.000000,0.000000,0,69864,100,0,0,1122,5214234
2026-08-10T06:53:18.242Z,3,0,3,0,0,0.000000,0.000000,0,69907,100,0,0,1122,5215293
2026-08-10T06:53:19.310Z,3,0,3,0,0,0.000000,0.000000,0,69971,100,0,0,1122,5216865
2026-08-10T06:53:20.376Z,3,0,3,0,0,0.000000,0.000000,0,69981,100,0,0,1122,5217721
2026-08-10T06:53:21.479Z,3,0,2,1,0,0.008195,0.000000,0,69987,100,0,0,1122,5218401
2026-08-10T06:53:22.559Z,3,0,3,0,0,0.000000,0.000000,0,69993,100,0,0,1122,5219123
2026-08-10T06:53:23.622Z,3,0,3,0,0,0.000000,0.000000,0,70006,100,0,0,1122,5220267
2026-08-10T06:53:24.686Z,3,0,3,0,0,0.000000,0.000000,0,70030,100,0,0,1122,5221123
2026-08-10T06:53:25.753Z,3,0,3,0,0,0.000000,0.000000,0,70062,100,0,0,1122,5222270
2026-08-10T06:53:26.809Z,3,0,3,0,0,0.000000,0.000000,0,70072,100,0,0,1122,5223106
2026-08-10T06:53:27.885Z,3,0,3,0,0,0.000000,0.000000,0,70096,100,0,0,1122,5224100
2026-08-10T06:53:28.943Z,3,0,3,0,0,0.000000,0.000000,0,70125,100,0,0,1122,5225168
2026-08-10T06:53:30.002Z,3,0,3,0,0,0.000000,0.000000,0,70153,100,0,0,1122,5226088
2026-08-10T06:53:31.049Z,3,0,3,0,0,0.000000,0.000000,0,70180,100,0,0,1122,5227052
2026-08-10T06:53:32.200Z,3,0,3,0,0,0.000000,0.000000,0,70206,100,0,0,1122,5228042
2026-08-10T06:53:33.381Z,3,0,3,0,0,0.000000,0.000000,0,70250,100,0,0,1122,5229201
2026-08-10T06:53:34.471Z,3,0,3,0,0,0.000000,0.000000,0,70257,100,0,0,1122,5229954
2026-08-10T06:53:35.537Z,3,0,3,0,0,0.000000,0.000000,0,70280,100,0,0,1122,5230909
2026-08-10T06:53:36.598Z,3,0,3,0,0,0.000000,0.000000,0,70293,100,0,0,1122,5231909
2026-08-10T06:53:37.654Z,3,0,3,0,0,0.000000,0.000000,0,70317,100,0,0,1122,5232863
2026-08-10T06:53:38.715Z,3,0,3,0,0,0.000000,0.000000,0,70330,100,0,0,1122,5233909
2026-08-10T06:53:39.791Z,3,0,3,0,0,0.000000,0.000000,0,70338,100,0,0,1122,5234666
2026-08-10T06:53:40.871Z,3,0,3,0,0,0.000000,0.000000,0,70343,100,0,0,1122,5235315
2026-08-10T06:53:41.924Z,3,0,3,0,0,0.000000,0.000000,0,70369,100,0,0,1122,5236175
2026-08-10T06:53:42.981Z,3,0,3,0,0,0.000000,0.000000,0,70397,100,0,0,1122,5237421
2026-08-10T06:53:44.040Z,3,0,3,0,0,0.000000,0.000000,0,70403,100,0,0,1122,5238074
2026-08-10T06:53:45.100Z,3,0,3,0,0,0.000000,0.000000,0,70427,100,0,0,1122,5239030
2026-08-10T06:53:46.155Z,3,0,3,0,0,0.000000,0.000000,0,70452,100,0,0,1122,5239888
2026-08-10T06:53:47.214Z,3,0,3,0,0,0.000000,0.000000,0,70460,100,0,0,1122,5240632
2026-08-10T06:53:48.282Z,3,0,3,0,0,0.000000,0.000000,0,70520,100,0,0,1122,5241963
2026-08-10T06:53:49.335Z,3,0,3,0,0,0.000000,0.000000,0,70569,100,0,0,1122,5243369
2026-08-10T06:53:50.406Z,3,0,3,0,0,0.000000,0.000000,0,70576,100,0,0,1122,5244124
2026-08-10T06:53:51.504Z,3,0,3,0,0,0.000000,0.000000,0,70583,100,0,0,1122,5244914
2026-08-10T06:53:52.577Z,3,0,3,0,0,0.000000,0.000000,0,70609,100,0,0,1122,5245828
2026-08-10T06:53:53.642Z,3,0,3,0,0,0.000000,0.000000,0,70621,100,0,0,1122,5247037
2026-08-10T06:53:54.740Z,3,0,3,0,0,0.000000,0.000000,0,70652,100,0,0,1122,5248044
2026-08-10T06:53:55.811Z,3,0,3,0,0,0.000000,0.000000,0,70659,100,0,0,1122,5248697
2026-08-10T06:53:56.885Z,3,0,3,0,0,0.000000,0.000000,0,70665,100,0,0,1122,5249448
2026-08-10T06:53:57.945Z,3,0,3,0,0,0.000000,0.000000,0,70689,100,0,0,1122,5250373
2026-08-10T06:53:59.000Z,3,0,3,0,0,0.000000,0.000000,0,70717,100,0,0,1122,5251477
2026-08-10T06:54:00.074Z,3,0,3,0,0,0.000000,0.000000,0,70740,100,0,0,1122,5252333
2026-08-10T06:54:01.139Z,3,0,2,1,0,0.006087,0.000000,0,70753,100,0,0,1122,5253339
2026-08-10T06:54:02.202Z,3,0,3,0,0,0.000000,0.000000,0,70779,100,0,0,1122,5254297
2026-08-10T06:54:03.258Z,3,0,3,0,0,0.000000,0.000000,0,70800,100,0,0,1122,5255145
2026-08-10T06:54:04.322Z,3,0,3,0,0,0.000000,0.000000,0,70833,100,0,0,1122,5256189
2026-08-10T06:54:05.412Z,3,0,3,0,0,0.000000,0.000000,0,70876,100,0,0,1122,5257376
2026-08-10T06:54:06.471Z,3,0,3,0,0,0.000000,0.000000,0,70880,100,0,0,1122,5258054
2026-08-10T06:54:07.564Z,3,0,3,0,0,0.000000,0.000000,0,70913,100,0,0,1122,5259425
2026-08-10T06:54:08.644Z,3,0,3,0,0,0.000000,0.000000,0,70915,100,0,0,1122,5260070
2026-08-10T06:54:09.696Z,3,0,3,0,0,0.000000,0.000000,0,70926,100,0,0,1122,5260836
2026-08-10T06:54:10.758Z,3,0,3,0,0,0.000000,0.000000,0,70957,100,0,0,1122,5261881
2026-08-10T06:54:11.864Z,3,0,3,0,0,0.000000,0.000000,0,70982,100,0,0,1122,5262912
2026-08-10T06:54:12.936Z,3,0,3,0,0,0.000000,0.000000,0,71005,100,0,0,1122,5263835
2026-08-10T06:54:13.994Z,3,0,3,0,0,0.000000,0.000000,0,71009,100,0,0,1122,5264553
2026-08-10T06:54:15.080Z,3,0,3,0,0,0.000000,0.000000,0,71043,100,0,0,1122,5265766
2026-08-10T06:54:16.147Z,3,0,3,0,0,0.000000,0.000000,0,71067,100,0,0,1122,5266720
2026-08-10T06:54:17.208Z,3,0,3,0,0,0.000000,0.000000,0,71080,100,0,0,1122,5267613
2026-08-10T06:54:18.273Z,3,0,3,0,0,0.000000,0.000000,0,71109,100,0,0,1122,5268644
2026-08-10T06:54:19.362Z,3,0,3,0,0,0.000000,0.000000,0,71134,100,0,0,1122,5269602
2026-08-10T06:54:20.425Z,3,0,3,0,0,0.000000,0.000000,0,71180,100,0,0,1122,5270969
2026-08-10T06:54:21.485Z,3,0,3,0,0,0.000000,0.000000,0,71182,100,0,0,1122,5271614
2026-08-10T06:54:22.544Z,3,0,3,0,0,0.000000,0.000000,0,71194,100,0,0,1122,5272410
2026-08-10T06:54:23.635Z,3,0,3,0,0,0.000000,0.000000,0,71202,100,0,0,1122,5273200
2026-08-10T06:54:24.704Z,3,0,3,0,0,0.000000,0.000000,0,71212,100,0,0,1122,5274097
2026-08-10T06:54:25.766Z,3,0,3,0,0,0.000000,0.000000,0,71241,100,0,0,1122,5275053
2026-08-10T06:54:26.824Z,3,0,3,0,0,0.000000,0.000000,0,71266,100,0,0,1122,5276088
2026-08-10T06:54:27.892Z,3,0,3,0,0,0.000000,0.000000,0,71271,100,0,0,1122,5276741
2026-08-10T06:54:28.956Z,3,0,3,0,0,0.000000,0.000000,0,71302,100,0,0,1122,5277809
2026-08-10T06:54:30.022Z,3,0,3,0,0,0.000000,0.000000,0,71323,100,0,0,1122,5278657
2026-08-10T06:54:31.089Z,3,0,3,0,0,0.000000,0.000000,0,71346,100,0,0,1122,5279540
2026-08-10T06:54:32.260Z,3,0,3,0,0,0.000000,0.000000,0,71379,100,0,0,1122,5280785
2026-08-10T06:54:33.433Z,3,0,2,1,0,0.007224,0.000000,0,71386,100,0,0,1122,5281471
2026-08-10T06:54:34.489Z,3,0,3,0,0,0.000000,0.000000,0,71409,100,0,0,1122,5282323
2026-08-10T06:54:35.550Z,3,0,3,0,0,0.000000,0.000000,0,71437,100,0,0,1122,5283489
2026-08-10T06:54:36.617Z,3,0,3,0,0,0.000000,0.000000,0,71464,100,0,0,1122,5284584
2026-08-10T06:54:37.680Z,3,0,3,0,0,0.000000,0.000000,0,71496,100,0,0,1122,5285685
2026-08-10T06:54:38.748Z,3,0,3,0,0,0.000000,0.000000,0,71504,100,0,0,1122,5286415
2026-08-10T06:54:39.801Z,3,0,3,0,0,0.000000,0.000000,0,71510,100,0,0,1122,5287097
2026-08-10T06:54:40.860Z,3,0,3,0,0,0.000000,0.000000,0,71516,100,0,0,1122,5287919
2026-08-10T06:54:41.919Z,3,0,3,0,0,0.000000,0.000000,0,71546,100,0,0,1122,5289129
2026-08-10T06:54:43.126Z,3,0,3,0,0,0.000000,0.000000,0,71554,100,0,0,1122,5289855
2026-08-10T06:54:44.927Z,3,0,1,2,0,0.016461,0.000000,0,71623,100,0,0,1122,5291308
2026-08-10T06:54:46.037Z,3,0,3,0,0,0.000000,0.000000,0,71631,100,0,0,1122,5292133
2026-08-10T06:54:47.094Z,3,0,3,0,0,0.000000,0.000000,0,71676,100,0,0,1122,5293323
2026-08-10T06:54:48.144Z,3,0,3,0,0,0.000000,0.000000,0,71700,100,0,0,1122,5294176
2026-08-10T06:54:49.211Z,3,0,3,0,0,0.000000,0.000000,0,71704,100,0,0,1122,5294825
2026-08-10T06:54:50.276Z,3,0,3,0,0,0.000000,0.000000,0,71749,100,0,0,1122,5296118
2026-08-10T06:54:51.400Z,3,0,3,0,0,0.000000,0.000000,0,71763,100,0,0,1122,5297223
2026-08-10T06:54:52.464Z,3,0,3,0,0,0.000000,0.000000,0,71786,100,0,0,1122,5298107
2026-08-10T06:54:53.524Z,3,0,3,0,0,0.000000,0.000000,0,71793,100,0,0,1122,5298833
2026-08-10T06:54:54.580Z,3,0,3,0,0,0.000000,0.000000,0,71801,100,0,0,1122,5299659
2026-08-10T06:54:55.646Z,3,0,3,0,0,0.000000,0.000000,0,71813,100,0,0,1122,5300593
2026-08-10T06:54:56.717Z,3,0,3,0,0,0.000000,0.000000,0,71841,100,0,0,1122,5301561
2026-08-10T06:54:57.779Z,3,0,3,0,0,0.000000,0.000000,0,71869,100,0,0,1122,5302492
2026-08-10T06:54:58.873Z,3,0,3,0,0,0.000000,0.000000,0,71894,100,0,0,1122,5303521
2026-08-10T06:54:59.923Z,3,0,3,0,0,0.000000,0.000000,0,71900,100,0,0,1122,5304305
2026-08-10T06:55:00.980Z,3,0,3,0,0,0.000000,0.000000,0,71927,100,0,0,1122,5305192
2026-08-10T06:55:02.072Z,3,0,3,0,0,0.000000,0.000000,0,71931,100,0,0,1122,5305910
2026-08-10T06:55:03.165Z,3,0,3,0,0,0.000000,0.000000,0,71978,100,0,0,1122,5307212
2026-08-10T06:55:04.230Z,3,0,3,0,0,0.000000,0.000000,0,71987,100,0,0,1122,5308071
2026-08-10T06:55:05.294Z,3,0,2,1,0,0.003582,0.000000,0,71998,100,0,0,1122,5308765
2026-08-10T06:55:06.366Z,3,0,3,0,0,0.000000,0.000000,0,72039,100,0,0,1122,5309922
2026-08-10T06:55:07.433Z,3,0,3,0,0,0.000000,0.000000,0,72085,100,0,0,1122,5311333
2026-08-10T06:55:08.484Z,3,0,3,0,0,0.000000,0.000000,0,72093,100,0,0,1122,5312092
2026-08-10T06:55:09.538Z,3,0,3,0,0,0.000000,0.000000,0,72099,100,0,0,1122,5312774
2026-08-10T06:55:10.606Z,3,0,3,0,0,0.000000,0.000000,0,72127,100,0,0,1122,5313769
2026-08-10T06:55:11.660Z,3,0,3,0,0,0.000000,0.000000,0,72152,100,0,0,1122,5314725
2026-08-10T06:55:12.742Z,3,0,3,0,0,0.000000,0.000000,0,72160,100,0,0,1122,5315551
2026-08-10T06:55:13.822Z,3,0,3,0,0,0.000000,0.000000,0,72190,100,0,0,1122,5316654
2026-08-10T06:55:14.889Z,3,0,3,0,0,0.000000,0.000000,0,72192,100,0,0,1122,5317299
2026-08-10T06:55:15.948Z,3,0,3,0,0,0.000000,0.000000,0,72202,100,0,0,1122,5318262
2026-08-10T06:55:17.003Z,3,0,3,0,0,0.000000,0.000000,0,72251,100,0,0,1122,5319539
2026-08-10T06:55:18.059Z,3,0,3,0,0,0.000000,0.000000,0,72279,100,0,0,1122,5320636
2026-08-10T06:55:19.118Z,3,0,3,0,0,0.000000,0.000000,0,72305,100,0,0,1122,5321634
2026-08-10T06:55:20.166Z,3,0,3,0,0,0.000000,0.000000,0,72328,100,0,0,1122,5322588
2026-08-10T06:55:21.233Z,3,0,3,0,0,0.000000,0.000000,0,72334,100,0,0,1122,5323274
2026-08-10T06:55:22.293Z,3,1,2,0,0,0.010086,0.000088,0,72347,100,0,0,1122,5324170
2026-08-10T06:55:23.342Z,3,0,3,0,0,0.000000,0.000000,0,72379,100,0,0,1122,5325314
2026-08-10T06:55:24.393Z,3,0,3,0,0,0.000000,0.000000,0,72419,100,0,0,1122,5326401
2026-08-10T06:55:25.450Z,3,0,3,0,0,0.000000,0.000000,0,72461,100,0,0,1122,5327593
2026-08-10T06:55:26.491Z,3,0,3,0,0,0.000000,0.000000,0,72468,100,0,0,1122,5328419
2026-08-10T06:55:27.547Z,3,0,3,0,0,0.000000,0.000000,0,72498,100,0,0,1122,5329485
2026-08-10T06:55:28.606Z,3,0,3,0,0,0.000000,0.000000,0,72508,100,0,0,1122,5330248
2026-08-10T06:55:29.650Z,3,0,3,0,0,0.000000,0.000000,0,72537,100,0,0,1122,5331312
2026-08-10T06:55:30.706Z,3,0,3,0,0,0.000000,0.000000,0,72542,100,0,0,1122,5332165
2026-08-10T06:55:31.767Z,3,0,3,0,0,0.000000,0.000000,0,72557,100,0,0,1122,5333171
2026-08-10T06:55:32.834Z,3,0,3,0,0,0.000000,0.000000,0,72561,100,0,0,1122,5333820
2026-08-10T06:55:33.924Z,3,0,3,0,0,0.000000,0.000000,0,72643,100,0,0,1122,5335364
2026-08-10T06:55:34.975Z,3,0,3,0,0,0.000000,0.000000,0,72673,100,0,0,1122,5336667
2026-08-10T06:55:36.028Z,3,0,3,0,0,0.000000,0.000000,0,72683,100,0,0,1122,5337466
2026-08-10T06:55:37.080Z,3,0,3,0,0,0.000000,0.000000,0,72690,100,0,0,1122,5338327
2026-08-10T06:55:38.146Z,3,0,3,0,0,0.000000,0.000000,0,72701,100,0,0,1122,5339121
2026-08-10T06:55:39.201Z,3,0,3,0,0,0.000000,0.000000,0,72705,100,0,0,1122,5339839
2026-08-10T06:55:40.291Z,3,0,3,0,0,0.000000,0.000000,0,72755,100,0,0,1122,5341085
2026-08-10T06:55:41.338Z,3,0,3,0,0,0.000000,0.000000,0,72838,100,0,0,1122,5342787
2026-08-10T06:55:42.394Z,3,0,3,0,0,0.000000,0.000000,0,72843,100,0,0,1122,5343436
2026-08-10T06:55:43.455Z,3,0,3,0,0,0.000000,0.000000,0,72871,100,0,0,1122,5344362
2026-08-10T06:55:44.504Z,3,0,3,0,0,0.000000,0.000000,0,72900,100,0,0,1122,5345528
2026-08-10T06:55:45.560Z,3,0,3,0,0,0.000000,0.000000,0,72929,100,0,0,1122,5346625
2026-08-10T06:55:46.615Z,3,0,3,0,0,0.000000,0.000000,0,72957,100,0,0,1122,5347620
2026-08-10T06:55:47.677Z,3,0,3,0,0,0.000000,0.000000,0,72970,100,0,0,1122,5348837
2026-08-10T06:55:48.739Z,3,0,3,0,0,0.000000,0.000000,0,72999,100,0,0,1122,5349836
2026-08-10T06:55:49.795Z,3,0,3,0,0,0.000000,0.000000,0,73022,100,0,0,1122,5350692
2026-08-10T06:55:50.867Z,3,0,3,0,0,0.000000,0.000000,0,73050,100,0,0,1122,5351802
2026-08-10T06:55:51.927Z,3,0,3,0,0,0.000000,0.000000,0,73057,100,0,0,1122,5352732
2026-08-10T06:55:52.984Z,3,0,3,0,0,0.000000,0.000000,0,73068,100,0,0,1122,5353492
2026-08-10T06:55:54.039Z,3,0,3,0,0,0.000000,0.000000,0,73118,100,0,0,1122,5354947
2026-08-10T06:55:55.097Z,3,0,3,0,0,0.000000,0.000000,0,73146,100,0,0,1122,5355909
2026-08-10T06:55:56.153Z,3,0,2,1,0,0.001806,0.000000,0,73151,100,0,0,1122,5356587
2026-08-10T06:55:57.216Z,3,0,3,0,0,0.000000,0.000000,0,73218,100,0,0,1122,5357963
2026-08-10T06:55:58.266Z,3,0,3,0,0,0.000000,0.000000,0,73241,100,0,0,1122,5358948
2026-08-10T06:55:59.321Z,3,0,3,0,0,0.000000,0.000000,0,73307,100,0,0,1122,5360599
2026-08-10T06:56:00.377Z,3,0,3,0,0,0.000000,0.000000,0,73337,100,0,0,1122,5361693
2026-08-10T06:56:01.430Z,3,0,3,0,0,0.000000,0.000000,0,73348,100,0,0,1122,5362731
2026-08-10T06:56:02.489Z,3,0,3,0,0,0.000000,0.000000,0,73356,100,0,0,1122,5363488
2026-08-10T06:56:03.548Z,3,0,3,0,0,0.000000,0.000000,0,73383,100,0,0,1122,5364477
2026-08-10T06:56:04.598Z,3,0,3,0,0,0.000000,0.000000,0,73431,100,0,0,1122,5365823
2026-08-10T06:56:05.646Z,3,0,2,1,0,0.001026,0.000000,0,73442,100,0,0,1122,5366659
2026-08-10T06:56:06.711Z,3,0,3,0,0,0.000000,0.000000,0,73494,100,0,0,1122,5368117
2026-08-10T06:56:07.769Z,3,0,3,0,0,0.000000,0.000000,0,73539,100,0,0,1122,5369352
2026-08-10T06:56:08.874Z,3,0,3,0,0,0.000000,0.000000,0,73571,100,0,0,1122,5370635
2026-08-10T06:56:09.930Z,3,0,3,0,0,0.000000,0.000000,0,73597,100,0,0,1122,5371661
2026-08-10T06:56:10.989Z,3,0,3,0,0,0.000000,0.000000,0,73610,100,0,0,1122,5372594
2026-08-10T06:56:12.044Z,3,0,3,0,0,0.000000,0.000000,0,73634,100,0,0,1122,5373515
2026-08-10T06:56:13.094Z,3,0,3,0,0,0.000000,0.000000,0,73658,100,0,0,1122,5374504
2026-08-10T06:56:14.152Z,3,0,3,0,0,0.000000,0.000000,0,73712,100,0,0,1122,5376037
2026-08-10T06:56:15.210Z,3,0,3,0,0,0.000000,0.000000,0,73735,100,0,0,1122,5377093
2026-08-10T06:56:16.267Z,3,0,3,0,0,0.000000,0.000000,0,73766,100,0,0,1122,5378169
2026-08-10T06:56:17.319Z,3,0,3,0,0,0.000000,0.000000,0,73815,100,0,0,1122,5379510
2026-08-10T06:56:18.381Z,3,0,3,0,0,0.000000,0.000000,0,73825,100,0,0,1122,5380546
2026-08-10T06:56:19.440Z,3,0,3,0,0,0.000000,0.000000,0,73858,100,0,0,1122,5381622
2026-08-10T06:56:20.487Z,3,0,3,0,0,0.000000,0.000000,0,73885,100,0,0,1122,5382757
2026-08-10T06:56:21.540Z,3,0,3,0,0,0.000000,0.000000,0,73933,100,0,0,1122,5384030
2026-08-10T06:56:22.592Z,3,0,3,0,0,0.000000,0.000000,0,73942,100,0,0,1122,5384822
2026-08-10T06:56:23.650Z,3,0,3,0,0,0.000000,0.000000,0,73985,100,0,0,1122,5386087
2026-08-10T06:56:24.709Z,3,0,3,0,0,0.000000,0.000000,0,73996,100,0,0,1122,5386849
2026-08-10T06:56:25.767Z,3,0,3,0,0,0.000000,0.000000,0,74043,100,0,0,1122,5388181
2026-08-10T06:56:26.821Z,3,0,3,0,0,0.000000,0.000000,0,74057,100,0,0,1122,5389085
2026-08-10T06:56:27.920Z,3,0,3,0,0,0.000000,0.000000,0,74080,100,0,0,1122,5390006
2026-08-10T06:56:28.992Z,3,0,3,0,0,0.000000,0.000000,0,74130,100,0,0,1122,5391421
2026-08-10T06:56:30.047Z,3,0,2,1,0,0.001502,0.000000,0,74147,100,0,0,1122,5392405
2026-08-10T06:56:31.112Z,3,0,3,0,0,0.000000,0.000000,0,74189,100,0,0,1122,5393740
2026-08-10T06:56:32.186Z,3,0,3,0,0,0.000000,0.000000,0,74218,100,0,0,1122,5394738
2026-08-10T06:56:33.246Z,3,0,3,0,0,0.000000,0.000000,0,74224,100,0,0,1122,5395560
2026-08-10T06:56:34.309Z,3,0,3,0,0,0.000000,0.000000,0,74253,100,0,0,1122,5396533
2026-08-10T06:56:35.381Z,3,0,3,0,0,0.000000,0.000000,0,74299,100,0,0,1122,5397864
2026-08-10T06:56:36.438Z,3,0,3,0,0,0.000000,0.000000,0,74348,100,0,0,1122,5399277
2026-08-10T06:56:37.491Z,3,0,3,0,0,0.000000,0.000000,0,74356,100,0,0,1122,5400026
2026-08-10T06:56:38.550Z,3,0,2,1,0,0.001105,0.000000,0,74421,100,0,0,1122,5401503
2026-08-10T06:56:39.599Z,3,0,3,0,0,0.000000,0.000000,0,74433,100,0,0,1122,5402470
2026-08-10T06:56:40.650Z,3,0,3,0,0,0.000000,0.000000,0,74462,100,0,0,1122,5403540
2026-08-10T06:56:41.711Z,3,0,3,0,0,0.000000,0.000000,0,74489,100,0,0,1122,5404570
2026-08-10T06:56:42.761Z,3,0,3,0,0,0.000000,0.000000,0,74516,100,0,0,1122,5405566
2026-08-10T06:56:43.811Z,3,0,3,0,0,0.000000,0.000000,0,74531,100,0,0,1122,5406583
2026-08-10T06:56:44.879Z,3,0,3,0,0,0.000000,0.000000,0,74579,100,0,0,1122,5407781
2026-08-10T06:56:45.937Z,3,0,3,0,0,0.000000,0.000000,0,74607,100,0,0,1122,5408849
2026-08-10T06:56:46.985Z,3,0,3,0,0,0.000000,0.000000,0,74655,100,0,0,1122,5410295
2026-08-10T06:56:48.034Z,3,0,3,0,0,0.000000,0.000000,0,74662,100,0,0,1122,5411058
2026-08-10T06:56:49.087Z,3,0,3,0,0,0.000000,0.000000,0,74674,100,0,0,1122,5412000
2026-08-10T06:56:50.146Z,3,0,3,0,0,0.000000,0.000000,0,74720,100,0,0,1122,5413192
2026-08-10T06:56:51.211Z,3,0,3,0,0,0.000000,0.000000,0,74750,100,0,0,1122,5414302
2026-08-10T06:56:52.282Z,3,0,3,0,0,0.000000,0.000000,0,74779,100,0,0,1122,5415473
2026-08-10T06:56:53.341Z,3,0,3,0,0,0.000000,0.000000,0,74785,100,0,0,1122,5416155
2026-08-10T06:56:54.400Z,3,0,2,1,0,0.002104,0.000000,0,74812,100,0,0,1122,5417257
2026-08-10T06:56:55.464Z,3,0,3,0,0,0.000000,0.000000,0,74860,100,0,0,1122,5418556
2026-08-10T06:56:56.527Z,3,0,3,0,0,0.000000,0.000000,0,74889,100,0,0,1122,5419769
2026-08-10T06:56:57.590Z,3,0,3,0,0,0.000000,0.000000,0,74928,100,0,0,1122,5420876
2026-08-10T06:56:58.638Z,3,0,3,0,0,0.000000,0.000000,0,74963,100,0,0,1122,5421966
2026-08-10T06:56:59.690Z,3,0,3,0,0,0.000000,0.000000,0,75010,100,0,0,1122,5423297
2026-08-10T06:57:00.743Z,3,0,3,0,0,0.000000,0.000000,0,75019,100,0,0,1122,5424096
2026-08-10T06:57:01.808Z,3,0,3,0,0,0.000000,0.000000,0,75062,100,0,0,1122,5425284
2026-08-10T06:57:02.879Z,3,0,3,0,0,0.000000,0.000000,0,75070,100,0,0,1122,5426103
2026-08-10T06:57:03.933Z,3,0,3,0,0,0.000000,0.000000,0,75078,100,0,0,1122,5427035
2026-08-10T06:57:04.983Z,3,0,3,0,0,0.000000,0.000000,0,75091,100,0,0,1122,5427906
2026-08-10T06:57:06.044Z,3,0,3,0,0,0.000000,0.000000,0,75143,100,0,0,1122,5429364
2026-08-10T06:57:07.096Z,3,0,3,0,0,0.000000,0.000000,0,75151,100,0,0,1122,5430219
2026-08-10T06:57:08.153Z,3,0,3,0,0,0.000000,0.000000,0,75196,100,0,0,1122,5431497
2026-08-10T06:57:09.217Z,3,0,3,0,0,0.000000,0.000000,0,75227,100,0,0,1122,5432506
2026-08-10T06:57:10.269Z,3,0,3,0,0,0.000000,0.000000,0,75233,100,0,0,1122,5433261
2026-08-10T06:57:11.325Z,3,0,3,0,0,0.000000,0.000000,0,75241,100,0,0,1122,5433987
2026-08-10T06:57:12.386Z,3,0,3,0,0,0.000000,0.000000,0,75271,100,0,0,1122,5435224
2026-08-10T06:57:13.445Z,3,0,3,0,0,0.000000,0.000000,0,75351,100,0,0,1122,5436731
2026-08-10T06:57:14.490Z,3,0,3,0,0,0.000000,0.000000,0,75382,100,0,0,1122,5437893
2026-08-10T06:57:15.550Z,3,0,3,0,0,0.000000,0.000000,0,75411,100,0,0,1122,5438990
2026-08-10T06:57:16.614Z,3,0,2,1,0,0.009493,0.000000,0,75442,100,0,0,1122,5440027
2026-08-10T06:57:17.677Z,3,0,3,0,0,0.000000,0.000000,0,75468,100,0,0,1122,5441226
2026-08-10T06:57:18.729Z,3,0,3,0,0,0.000000,0.000000,0,75499,100,0,0,1122,5442498
2026-08-10T06:57:19.779Z,3,0,3,0,0,0.000000,0.000000,0,75527,100,0,0,1122,5443526
2026-08-10T06:57:20.922Z,3,0,3,0,0,0.000000,0.000000,0,75543,100,0,0,1122,5444512
2026-08-10T06:57:21.985Z,3,0,3,0,0,0.000000,0.000000,0,75548,100,0,0,1122,5445165
2026-08-10T06:57:23.044Z,3,0,3,0,0,0.000000,0.000000,0,75558,100,0,0,1122,5446028
2026-08-10T06:57:24.097Z,3,0,3,0,0,0.000000,0.000000,0,75588,100,0,0,1122,5447309
2026-08-10T06:57:25.160Z,3,0,3,0,0,0.000000,0.000000,0,75637,100,0,0,1122,5448417
2026-08-10T06:57:26.223Z,3,0,3,0,0,0.000000,0.000000,0,75642,100,0,0,1122,5449212
2026-08-10T06:57:27.284Z,3,0,3,0,0,0.000000,0.000000,0,75706,100,0,0,1122,5450647
2026-08-10T06:57:28.333Z,3,0,3,0,0,0.000000,0.000000,0,75773,100,0,0,1122,5452218
2026-08-10T06:57:29.412Z,3,0,3,0,0,0.000000,0.000000,0,75802,100,0,0,1122,5453213
2026-08-10T06:57:30.469Z,3,0,3,0,0,0.000000,0.000000,0,75816,100,0,0,1122,5454256
2026-08-10T06:57:31.517Z,3,0,3,0,0,0.000000,0.000000,0,75845,100,0,0,1122,5455253
2026-08-10T06:57:32.569Z,3,0,3,0,0,0.000000,0.000000,0,75889,100,0,0,1122,5456589
2026-08-10T06:57:33.622Z,3,0,3,0,0,0.000000,0.000000,0,75913,100,0,0,1122,5457514
2026-08-10T06:57:34.673Z,3,0,3,0,0,0.000000,0.000000,0,75927,100,0,0,1122,5458551
2026-08-10T06:57:35.736Z,3,0,3,0,0,0.000000,0.000000,0,75959,100,0,0,1122,5459765
2026-08-10T06:57:36.781Z,3,0,2,1,0,0.007448,0.000000,0,75963,100,0,0,1122,5460414
2026-08-10T06:57:37.838Z,3,0,3,0,0,0.000000,0.000000,0,75972,100,0,0,1122,5461144
2026-08-10T06:57:38.899Z,3,0,3,0,0,0.000000,0.000000,0,76004,100,0,0,1122,5462524
2026-08-10T06:57:39.959Z,3,0,3,0,0,0.000000,0.000000,0,76051,100,0,0,1122,5463768
2026-08-10T06:57:41.013Z,3,0,3,0,0,0.000000,0.000000,0,76115,100,0,0,1122,5465207
2026-08-10T06:57:42.075Z,3,0,3,0,0,0.000000,0.000000,0,76143,100,0,0,1122,5466204
2026-08-10T06:57:43.139Z,3,0,3,0,0,0.000000,0.000000,0,76167,100,0,0,1122,5467122
2026-08-10T06:57:44.194Z,3,0,3,0,0,0.000000,0.000000,0,76181,100,0,0,1122,5468028
2026-08-10T06:57:45.247Z,3,0,3,0,0,0.000000,0.000000,0,76210,100,0,0,1122,5469365
2026-08-10T06:57:46.299Z,3,0,3,0,0,0.000000,0.000000,0,76277,100,0,0,1122,5470919
2026-08-10T06:57:47.357Z,3,0,2,1,0,0.001852,0.000000,0,76283,100,0,0,1122,5471673
2026-08-10T06:57:48.421Z,3,0,3,0,0,0.000000,0.000000,0,76310,100,0,0,1122,5472742
2026-08-10T06:57:49.474Z,3,0,3,0,0,0.000000,0.000000,0,76340,100,0,0,1122,5473919
2026-08-10T06:57:50.532Z,3,0,3,0,0,0.000000,0.000000,0,76362,100,0,0,1122,5474771
2026-08-10T06:57:51.591Z,3,0,3,0,0,0.000000,0.000000,0,76374,100,0,0,1122,5475671
2026-08-10T06:57:52.639Z,3,0,3,0,0,0.000000,0.000000,0,76407,100,0,0,1122,5477026
2026-08-10T06:57:53.710Z,3,0,3,0,0,0.000000,0.000000,0,76437,100,0,0,1122,5478096
2026-08-10T06:57:54.764Z,3,0,3,0,0,0.000000,0.000000,0,76477,100,0,0,1122,5479220
2026-08-10T06:57:55.825Z,3,0,3,0,0,0.000000,0.000000,0,76529,100,0,0,1122,5480569
2026-08-10T06:57:56.901Z,3,0,3,0,0,0.000000,0.000000,0,76573,100,0,0,1122,5481872
2026-08-10T06:57:57.955Z,3,0,3,0,0,0.000000,0.000000,0,76601,100,0,0,1122,5483042
2026-08-10T06:57:59.025Z,3,0,3,0,0,0.000000,0.000000,0,76607,100,0,0,1122,5483724
2026-08-10T06:58:00.091Z,3,0,3,0,0,0.000000,0.000000,0,76618,100,0,0,1122,5484620
2026-08-10T06:58:01.144Z,3,0,3,0,0,0.000000,0.000000,0,76667,100,0,0,1122,5485798
2026-08-10T06:58:02.208Z,3,0,3,0,0,0.000000,0.000000,0,76710,100,0,0,1122,5487199
2026-08-10T06:58:03.270Z,3,0,2,1,0,0.004588,0.000000,0,76739,100,0,0,1122,5488256
2026-08-10T06:58:04.338Z,3,0,3,0,0,0.000000,0.000000,0,76756,100,0,0,1122,5489550
2026-08-10T06:58:05.454Z,3,0,3,0,0,0.000000,0.000000,0,76784,100,0,0,1122,5490549
2026-08-10T06:58:06.515Z,3,0,3,0,0,0.000000,0.000000,0,76791,100,0,0,1122,5491379
2026-08-10T06:58:07.580Z,3,0,3,0,0,0.000000,0.000000,0,76801,100,0,0,1122,5492251
2026-08-10T06:58:08.635Z,3,0,3,0,0,0.000000,0.000000,0,76851,100,0,0,1122,5493528
2026-08-10T06:58:09.690Z,3,0,3,0,0,0.000000,0.000000,0,76855,100,0,0,1122,5494177
2026-08-10T06:58:10.749Z,3,0,3,0,0,0.000000,0.000000,0,76903,100,0,0,1122,5495522
2026-08-10T06:58:11.810Z,3,0,3,0,0,0.000000,0.000000,0,76928,100,0,0,1122,5496487
2026-08-10T06:58:12.901Z,3,0,3,0,0,0.000000,0.000000,0,76976,100,0,0,1122,5497862
2026-08-10T06:58:13.959Z,3,0,3,0,0,0.000000,0.000000,0,77017,100,0,0,1122,5498946
2026-08-10T06:58:15.019Z,3,0,3,0,0,0.000000,0.000000,0,77046,100,0,0,1122,5500114
2026-08-10T06:58:16.073Z,3,0,3,0,0,0.000000,0.000000,0,77059,100,0,0,1122,5500979
2026-08-10T06:58:17.133Z,3,0,3,0,0,0.000000,0.000000,0,77086,100,0,0,1122,5502149
2026-08-10T06:58:18.196Z,3,0,3,0,0,0.000000,0.000000,0,77151,100,0,0,1122,5503797
2026-08-10T06:58:19.253Z,3,0,3,0,0,0.000000,0.000000,0,77184,100,0,0,1122,5504991
2026-08-10T06:58:20.312Z,3,0,3,0,0,0.000000,0.000000,0,77190,100,0,0,1122,5505744
2026-08-10T06:58:21.370Z,3,0,3,0,0,0.000000,0.000000,0,77240,100,0,0,1122,5507067
2026-08-10T06:58:22.419Z,3,0,3,0,0,0.000000,0.000000,0,77255,100,0,0,1122,5508146
2026-08-10T06:58:23.477Z,3,0,3,0,0,0.000000,0.000000,0,77266,100,0,0,1122,5508988
2026-08-10T06:58:24.526Z,3,0,3,0,0,0.000000,0.000000,0,77306,100,0,0,1122,5510217
2026-08-10T06:58:25.578Z,3,0,3,0,0,0.000000,0.000000,0,77339,100,0,0,1122,5511538
2026-08-10T06:58:26.639Z,3,0,3,0,0,0.000000,0.000000,0,77402,100,0,0,1122,5512906
2026-08-10T06:58:27.687Z,3,0,3,0,0,0.000000,0.000000,0,77429,100,0,0,1122,5513872
2026-08-10T06:58:28.745Z,3,0,3,0,0,0.000000,0.000000,0,77476,100,0,0,1122,5515096
2026-08-10T06:58:29.804Z,3,0,3,0,0,0.000000,0.000000,0,77488,100,0,0,1122,5515889
2026-08-10T06:58:30.865Z,3,0,3,0,0,0.000000,0.000000,0,77532,100,0,0,1122,5517399
2026-08-10T06:58:32.020Z,3,0,3,0,0,0.000000,0.000000,0,77580,100,0,0,1122,5518732
2026-08-10T06:58:33.087Z,3,0,3,0,0,0.000000,0.000000,0,77592,100,0,0,1122,5519669
2026-08-10T06:58:34.144Z,3,0,3,0,0,0.000000,0.000000,0,77605,100,0,0,1122,5520682
2026-08-10T06:58:35.208Z,3,0,3,0,0,0.000000,0.000000,0,77672,100,0,0,1122,5522275
2026-08-10T06:58:36.281Z,3,0,3,0,0,0.000000,0.000000,0,77686,100,0,0,1122,5523323
2026-08-10T06:58:37.354Z,3,0,3,0,0,0.000000,0.000000,0,77696,100,0,0,1122,5524158
2026-08-10T06:58:38.405Z,3,0,3,0,0,0.000000,0.000000,0,77723,100,0,0,1122,5525156
2026-08-10T06:58:39.462Z,3,0,3,0,0,0.000000,0.000000,0,77752,100,0,0,1122,5526157
2026-08-10T06:58:40.518Z,3,0,3,0,0,0.000000,0.000000,0,77778,100,0,0,1122,5527290
2026-08-10T06:58:41.573Z,3,0,3,0,0,0.000000,0.000000,0,77862,100,0,0,1122,5529010
2026-08-10T06:58:42.625Z,3,0,3,0,0,0.000000,0.000000,0,77889,100,0,0,1122,5529936
2026-08-10T06:58:43.679Z,3,0,3,0,0,0.000000,0.000000,0,77916,100,0,0,1122,5531066
2026-08-10T06:58:44.723Z,3,0,3,0,0,0.000000,0.000000,0,77980,100,0,0,1122,5532494
2026-08-10T06:58:45.774Z,3,0,2,1,0,0.000751,0.000000,0,77991,100,0,0,1122,5533494
2026-08-10T06:58:46.823Z,3,0,3,0,0,0.000000,0.000000,0,78036,100,0,0,1122,5534857
2026-08-10T06:58:47.878Z,3,0,3,0,0,0.000000,0.000000,0,78070,100,0,0,1122,5535936
2026-08-10T06:58:48.925Z,3,0,3,0,0,0.000000,0.000000,0,78081,100,0,0,1122,5537007
2026-08-10T06:58:49.985Z,3,0,3,0,0,0.000000,0.000000,0,78131,100,0,0,1122,5538217
2026-08-10T06:58:51.039Z,3,0,3,0,0,0.000000,0.000000,0,78178,100,0,0,1122,5539668
2026-08-10T06:58:52.093Z,3,0,3,0,0,0.000000,0.000000,0,78189,100,0,0,1122,5540599
2026-08-10T06:58:53.143Z,3,0,3,0,0,0.000000,0.000000,0,78221,100,0,0,1122,5541748
2026-08-10T06:58:54.199Z,3,0,3,0,0,0.000000,0.000000,0,78225,100,0,0,1122,5542397
2026-08-10T06:58:55.260Z,3,0,3,0,0,0.000000,0.000000,0,78239,100,0,0,1122,5543514
2026-08-10T06:58:56.326Z,3,0,3,0,0,0.000000,0.000000,0,78306,100,0,0,1122,5545036
2026-08-10T06:58:57.396Z,3,0,3,0,0,0.000000,0.000000,0,78359,100,0,0,1122,5546556
2026-08-10T06:58:58.456Z,3,0,3,0,0,0.000000,0.000000,0,78422,100,0,0,1122,5547919
2026-08-10T06:58:59.527Z,3,0,3,0,0,0.000000,0.000000,0,78450,100,0,0,1122,5549091
2026-08-10T06:59:00.589Z,3,0,3,0,0,0.000000,0.000000,0,78478,100,0,0,1122,5550188
2026-08-10T06:59:01.651Z,3,0,3,0,0,0.000000,0.000000,0,78509,100,0,0,1122,5551329
2026-08-10T06:59:02.722Z,3,0,3,0,0,0.000000,0.000000,0,78532,100,0,0,1122,5552181
2026-08-10T06:59:03.783Z,3,0,3,0,0,0.000000,0.000000,0,78564,100,0,0,1122,5553665
2026-08-10T06:59:04.842Z,3,0,3,0,0,0.000000,0.000000,0,78618,100,0,0,1122,5555035
2026-08-10T06:59:05.908Z,3,0,3,0,0,0.000000,0.000000,0,78668,100,0,0,1122,5556485
2026-08-10T06:59:06.957Z,3,0,3,0,0,0.000000,0.000000,0,78700,100,0,0,1122,5557761
2026-08-10T06:59:08.020Z,3,0,3,0,0,0.000000,0.000000,0,78729,100,0,0,1122,5558663
2026-08-10T06:59:09.074Z,3,0,2,1,0,0.003764,0.000000,0,78781,100,0,0,1122,5560055
2026-08-10T06:59:10.122Z,3,0,3,0,0,0.000000,0.000000,0,78809,100,0,0,1122,5561284
2026-08-10T06:59:11.175Z,3,0,3,0,0,0.000000,0.000000,0,78855,100,0,0,1122,5562658
2026-08-10T06:59:12.232Z,3,0,3,0,0,0.000000,0.000000,0,78918,100,0,0,1122,5564035
2026-08-10T06:59:13.293Z,3,0,3,0,0,0.000000,0.000000,0,78949,100,0,0,1122,5565348
2026-08-10T06:59:14.357Z,3,0,3,0,0,0.000000,0.000000,0,78972,100,0,0,1122,5566302
2026-08-10T06:59:15.411Z,3,0,3,0,0,0.000000,0.000000,0,79000,100,0,0,1122,5567399
2026-08-10T06:59:16.474Z,3,0,3,0,0,0.000000,0.000000,0,79034,100,0,0,1122,5568851
2026-08-10T06:59:17.523Z,3,0,3,0,0,0.000000,0.000000,0,79085,100,0,0,1122,5570404
2026-08-10T06:59:18.587Z,3,0,3,0,0,0.000000,0.000000,0,79095,100,0,0,1122,5571336
2026-08-10T06:59:19.638Z,3,0,3,0,0,0.000000,0.000000,0,79127,100,0,0,1122,5572287
2026-08-10T06:59:20.694Z,3,0,3,0,0,0.000000,0.000000,0,79176,100,0,0,1122,5573785
2026-08-10T06:59:21.744Z,3,0,3,0,0,0.000000,0.000000,0,79202,100,0,0,1122,5574885
2026-08-10T06:59:22.803Z,3,0,3,0,0,0.000000,0.000000,0,79220,100,0,0,1122,5575903
2026-08-10T06:59:23.868Z,3,0,3,0,0,0.000000,0.000000,0,79229,100,0,0,1122,5576663
2026-08-10T06:59:24.921Z,3,0,3,0,0,0.000000,0.000000,0,79272,100,0,0,1122,5577726
2026-08-10T06:59:25.973Z,3,0,3,0,0,0.000000,0.000000,0,79392,100,0,0,1122,5579983
2026-08-10T06:59:27.022Z,3,0,3,0,0,0.000000,0.000000,0,79405,100,0,0,1122,5580952
2026-08-10T06:59:28.083Z,3,0,3,0,0,0.000000,0.000000,0,79432,100,0,0,1122,5581972
2026-08-10T06:59:29.141Z,3,0,3,0,0,0.000000,0.000000,0,79482,100,0,0,1122,5583304
2026-08-10T06:59:30.196Z,3,0,3,0,0,0.000000,0.000000,0,79545,100,0,0,1122,5584880
2026-08-10T06:59:31.249Z,3,0,3,0,0,0.000000,0.000000,0,79580,100,0,0,1122,5586443
2026-08-10T06:59:32.310Z,3,0,3,0,0,0.000000,0.000000,0,79593,100,0,0,1122,5587407
2026-08-10T06:59:33.364Z,3,0,3,0,0,0.000000,0.000000,0,79617,100,0,0,1122,5588367
2026-08-10T06:59:34.429Z,3,0,3,0,0,0.000000,0.000000,0,79630,100,0,0,1122,5589282
2026-08-10T06:59:35.503Z,3,0,3,0,0,0.000000,0.000000,0,79664,100,0,0,1122,5590652
2026-08-10T06:59:36.565Z,3,0,3,0,0,0.000000,0.000000,0,79698,100,0,0,1122,5591913
2026-08-10T06:59:37.620Z,3,0,3,0,0,0.000000,0.000000,0,79767,100,0,0,1122,5593466
2026-08-10T06:59:38.680Z,3,0,3,0,0,0.000000,0.000000,0,79796,100,0,0,1122,5594510
2026-08-10T06:59:39.731Z,3,0,3,0,0,0.000000,0.000000,0,79878,100,0,0,1122,5596284
2026-08-10T06:59:40.779Z,3,0,3,0,0,0.000000,0.000000,0,79887,100,0,0,1122,5597074
2026-08-10T06:59:41.840Z,3,0,3,0,0,0.000000,0.000000,0,79937,100,0,0,1122,5598413
2026-08-10T06:59:42.901Z,3,0,3,0,0,0.000000,0.000000,0,79983,100,0,0,1122,5599744
2026-08-10T06:59:43.957Z,3,0,3,0,0,0.000000,0.000000,0,80010,100,0,0,1122,5600945
2026-08-10T06:59:45.011Z,3,0,3,0,0,0.000000,0.000000,0,80026,100,0,0,1122,5601987
2026-08-10T06:59:46.115Z,3,0,3,0,0,0.000000,0.000000,0,80077,100,0,0,1122,5603456
2026-08-10T06:59:47.178Z,3,0,2,1,0,0.000926,0.000000,0,80121,100,0,0,1122,5604619
2026-08-10T06:59:48.227Z,3,0,3,0,0,0.000000,0.000000,0,80153,100,0,0,1122,5605871
2026-08-10T06:59:49.281Z,3,0,3,0,0,0.000000,0.000000,0,80180,100,0,0,1122,5607033
2026-08-10T06:59:50.343Z,3,0,3,0,0,0.000000,0.000000,0,80187,100,0,0,1122,5607925
2026-08-10T06:59:51.400Z,3,0,3,0,0,0.000000,0.000000,0,80198,100,0,0,1122,5608590
2026-08-10T06:59:52.461Z,3,0,3,0,0,0.000000,0.000000,0,80268,100,0,0,1122,5610351
2026-08-10T06:59:53.532Z,3,0,3,0,0,0.000000,0.000000,0,80301,100,0,0,1122,5611600
2026-08-10T06:59:54.582Z,3,0,3,0,0,0.000000,0.000000,0,80351,100,0,0,1122,5612838
2026-08-10T06:59:55.632Z,3,0,3,0,0,0.000000,0.000000,0,80395,100,0,0,1122,5613975
2026-08-10T06:59:56.687Z,3,0,3,0,0,0.000000,0.000000,0,80404,100,0,0,1122,5614882
2026-08-10T06:59:57.750Z,3,0,3,0,0,0.000000,0.000000,0,80455,100,0,0,1122,5616427
2026-08-10T06:59:58.808Z,3,0,3,0,0,0.000000,0.000000,0,80524,100,0,0,1122,5618013
2026-08-10T06:59:59.864Z,3,0,3,0,0,0.000000,0.000000,0,80550,100,0,0,1122,5619108
2026-08-10T07:00:00.922Z,3,0,3,0,0,0.000000,0.000000,0,80602,100,0,0,1122,5620458
2026-08-10T07:00:01.985Z,3,0,3,0,0,0.000000,0.000000,0,80650,100,0,0,1122,5621934
2026-08-10T07:00:03.032Z,3,0,3,0,0,0.000000,0.000000,0,80657,100,0,0,1122,5622797
2026-08-10T07:00:04.083Z,3,0,3,0,0,0.000000,0.000000,0,80671,100,0,0,1122,5623841
2026-08-10T07:00:05.141Z,3,0,3,0,0,0.000000,0.000000,0,80706,100,0,0,1122,5625149
2026-08-10T07:00:06.203Z,3,0,3,0,0,0.000000,0.000000,0,80715,100,0,0,1122,5625947
2026-08-10T07:00:07.265Z,3,0,3,0,0,0.000000,0.000000,0,80775,100,0,0,1122,5627366
2026-08-10T07:00:08.318Z,3,0,3,0,0,0.000000,0.000000,0,80788,100,0,0,1122,5628441
2026-08-10T07:00:09.371Z,3,0,3,0,0,0.000000,0.000000,0,80852,100,0,0,1122,5629853
2026-08-10T07:00:10.436Z,3,0,3,0,0,0.000000,0.000000,0,80906,100,0,0,1122,5631317
2026-08-10T07:00:11.490Z,3,0,3,0,0,0.000000,0.000000,0,80916,100,0,0,1122,5632253
2026-08-10T07:00:12.552Z,3,0,3,0,0,0.000000,0.000000,0,80952,100,0,0,1122,5633522
2026-08-10T07:00:13.611Z,3,0,3,0,0,0.000000,0.000000,0,80991,100,0,0,1122,5634557
2026-08-10T07:00:14.660Z,3,0,3,0,0,0.000000,0.000000,0,81075,100,0,0,1122,5636444
2026-08-10T07:00:15.725Z,3,0,3,0,0,0.000000,0.000000,0,81153,100,0,0,1122,5638074
2026-08-10T07:00:16.775Z,3,0,3,0,0,0.000000,0.000000,0,81164,100,0,0,1122,5639118
2026-08-10T07:00:17.839Z,3,0,3,0,0,0.000000,0.000000,0,81180,100,0,0,1122,5640325
2026-08-10T07:00:18.894Z,3,0,3,0,0,0.000000,0.000000,0,81193,100,0,0,1122,5641194
2026-08-10T07:00:19.951Z,3,0,3,0,0,0.000000,0.000000,0,81243,100,0,0,1122,5642574
2026-08-10T07:00:21.017Z,3,0,3,0,0,0.000000,0.000000,0,81292,100,0,0,1122,5644237
2026-08-10T07:00:22.117Z,3,0,3,0,0,0.000000,0.000000,0,81320,100,0,0,1122,5645268
2026-08-10T07:00:23.176Z,3,0,3,0,0,0.000000,0.000000,0,81335,100,0,0,1122,5646078
2026-08-10T07:00:24.225Z,3,0,3,0,0,0.000000,0.000000,0,81366,100,0,0,1122,5647394
2026-08-10T07:00:25.292Z,3,0,3,0,0,0.000000,0.000000,0,81429,100,0,0,1122,5649009
2026-08-10T07:00:26.367Z,3,0,2,1,0,0.001994,0.000000,0,81481,100,0,0,1122,5650468
2026-08-10T07:00:27.425Z,3,0,3,0,0,0.000000,0.000000,0,81515,100,0,0,1122,5651610
2026-08-10T07:00:28.478Z,3,0,3,0,0,0.000000,0.000000,0,81526,100,0,0,1122,5652404
2026-08-10T07:00:29.538Z,3,0,3,0,0,0.000000,0.000000,0,81533,100,0,0,1122,5653064
2026-08-10T07:00:30.593Z,3,0,3,0,0,0.000000,0.000000,0,81615,100,0,0,1122,5654807
2026-08-10T07:00:31.648Z,3,0,3,0,0,0.000000,0.000000,0,81684,100,0,0,1122,5656695
2026-08-10T07:00:32.707Z,3,0,3,0,0,0.000000,0.000000,0,81699,100,0,0,1122,5657455
2026-08-10T07:00:33.762Z,3,0,3,0,0,0.000000,0.000000,0,81743,100,0,0,1122,5658628
2026-08-10T07:00:34.816Z,3,0,2,1,0,0.001080,0.000000,0,81758,100,0,0,1122,5659741
2026-08-10T07:00:35.888Z,3,0,2,1,0,0.002015,0.000000,0,81786,100,0,0,1122,5661148
2026-08-10T07:00:36.939Z,3,0,3,0,0,0.000000,0.000000,0,81797,100,0,0,1122,5662082
2026-08-10T07:00:38.001Z,3,0,3,0,0,0.000000,0.000000,0,81881,100,0,0,1122,5663600
2026-08-10T07:00:39.059Z,3,0,3,0,0,0.000000,0.000000,0,81915,100,0,0,1122,5664881
2026-08-10T07:00:40.125Z,3,0,3,0,0,0.000000,0.000000,0,81962,100,0,0,1122,5666203
2026-08-10T07:00:41.187Z,3,0,3,0,0,0.000000,0.000000,0,81974,100,0,0,1122,5667099
2026-08-10T07:00:42.237Z,3,0,3,0,0,0.000000,0.000000,0,82004,100,0,0,1122,5668273
2026-08-10T07:00:43.297Z,3,0,3,0,0,0.000000,0.000000,0,82027,100,0,0,1122,5669329
2026-08-10T07:00:44.364Z,3,0,2,1,0,0.000639,0.000000,0,82060,100,0,0,1122,5670480
2026-08-10T07:00:45.428Z,3,0,3,0,0,0.000000,0.000000,0,82129,100,0,0,1122,5672133
2026-08-10T07:00:46.491Z,3,0,3,0,0,0.000000,0.000000,0,82172,100,0,0,1122,5673470
2026-08-10T07:00:47.543Z,3,0,3,0,0,0.000000,0.000000,0,82222,100,0,0,1122,5674790
2026-08-10T07:00:48.601Z,3,0,3,0,0,0.000000,0.000000,0,82273,100,0,0,1122,5676127
2026-08-10T07:00:49.650Z,3,0,3,0,0,0.000000,0.000000,0,82307,100,0,0,1122,5677582
2026-08-10T07:00:50.714Z,3,0,3,0,0,0.000000,0.000000,0,82309,100,0,0,1122,5678227
2026-08-10T07:00:51.779Z,3,0,3,0,0,0.000000,0.000000,0,82358,100,0,0,1122,5679604
2026-08-10T07:00:52.879Z,3,0,2,1,0,0.009708,0.000000,0,82371,100,0,0,1122,5680683
2026-08-10T07:00:53.929Z,3,0,3,0,0,0.000000,0.000000,0,82451,100,0,0,1122,5682518
2026-08-10T07:00:54.981Z,3,0,3,0,0,0.000000,0.000000,0,82458,100,0,0,1122,5683415
2026-08-10T07:00:56.042Z,3,0,3,0,0,0.000000,0.000000,0,82500,100,0,0,1122,5684634
2026-08-10T07:00:57.103Z,3,0,3,0,0,0.000000,0.000000,0,82514,100,0,0,1122,5685776
2026-08-10T07:00:58.157Z,3,0,3,0,0,0.000000,0.000000,0,82567,100,0,0,1122,5686940
2026-08-10T07:00:59.226Z,3,0,3,0,0,0.000000,0.000000,0,82616,100,0,0,1122,5688215
2026-08-10T07:01:00.281Z,3,0,3,0,0,0.000000,0.000000,0,82630,100,0,0,1122,5689319
2026-08-10T07:01:01.354Z,3,0,3,0,0,0.000000,0.000000,0,82729,100,0,0,1122,5691198
2026-08-10T07:01:02.423Z,3,0,3,0,0,0.000000,0.000000,0,82775,100,0,0,1122,5692328
2026-08-10T07:01:03.481Z,3,0,3,0,0,0.000000,0.000000,0,82821,100,0,0,1122,5693626
2026-08-10T07:01:04.535Z,3,0,3,0,0,0.000000,0.000000,0,82852,100,0,0,1122,5694964
2026-08-10T07:01:05.592Z,3,0,3,0,0,0.000000,0.000000,0,82854,100,0,0,1122,5695609
2026-08-10T07:01:06.654Z,3,0,3,0,0,0.000000,0.000000,0,82886,100,0,0,1122,5696610
2026-08-10T07:01:07.709Z,3,0,3,0,0,0.000000,0.000000,0,82904,100,0,0,1122,5698030
2026-08-10T07:01:08.763Z,3,0,3,0,0,0.000000,0.000000,0,82948,100,0,0,1122,5699231
2026-08-10T07:01:09.814Z,3,0,3,0,0,0.000000,0.000000,0,82984,100,0,0,1122,5700598
2026-08-10T07:01:10.863Z,3,0,3,0,0,0.000000,0.000000,0,83015,100,0,0,1122,5701668
2026-08-10T07:01:11.919Z,3,0,3,0,0,0.000000,0.000000,0,83052,100,0,0,1122,5703075
2026-08-10T07:01:12.974Z,3,0,3,0,0,0.000000,0.000000,0,83062,100,0,0,1122,5703947
2026-08-10T07:01:14.033Z,3,0,3,0,0,0.000000,0.000000,0,83108,100,0,0,1122,5705151
2026-08-10T07:01:15.088Z,3,0,3,0,0,0.000000,0.000000,0,83141,100,0,0,1122,5706103
2026-08-10T07:01:16.137Z,3,0,3,0,0,0.000000,0.000000,0,83202,100,0,0,1122,5707694
2026-08-10T07:01:17.185Z,3,0,3,0,0,0.000000,0.000000,0,83211,100,0,0,1122,5708521
2026-08-10T07:01:18.244Z,3,0,3,0,0,0.000000,0.000000,0,83244,100,0,0,1122,5709726
2026-08-10T07:01:19.299Z,3,0,3,0,0,0.000000,0.000000,0,83272,100,0,0,1122,5710930
2026-08-10T07:01:20.348Z,3,0,3,0,0,0.000000,0.000000,0,83354,100,0,0,1122,5712707
2026-08-10T07:01:21.402Z,3,0,3,0,0,0.000000,0.000000,0,83362,100,0,0,1122,5713574
2026-08-10T07:01:22.458Z,3,0,3,0,0,0.000000,0.000000,0,83376,100,0,0,1122,5714509
2026-08-10T07:01:23.519Z,3,0,3,0,0,0.000000,0.000000,0,83384,100,0,0,1122,5715441
2026-08-10T07:01:24.577Z,3,0,3,0,0,0.000000,0.000000,0,83415,100,0,0,1122,5716551
2026-08-10T07:01:25.642Z,3,0,3,0,0,0.000000,0.000000,0,83429,100,0,0,1122,5717605
2026-08-10T07:01:26.706Z,3,0,3,0,0,0.000000,0.000000,0,83452,100,0,0,1122,5718599
2026-08-10T07:01:27.769Z,3,0,3,0,0,0.000000,0.000000,0,83467,100,0,0,1122,5719512
2026-08-10T07:01:28.823Z,3,0,3,0,0,0.000000,0.000000,0,83511,100,0,0,1122,5720604
2026-08-10T07:01:29.884Z,3,0,3,0,0,0.000000,0.000000,0,83541,100,0,0,1122,5721685
2026-08-10T07:01:30.945Z,3,0,3,0,0,0.000000,0.000000,0,83569,100,0,0,1122,5722711
2026-08-10T07:01:32.059Z,3,0,3,0,0,0.000000,0.000000,0,83616,100,0,0,1122,5723942
2026-08-10T07:01:33.127Z,3,0,3,0,0,0.000000,0.000000,0,83641,100,0,0,1122,5724902
2026-08-10T07:01:34.179Z,3,0,3,0,0,0.000000,0.000000,0,83666,100,0,0,1122,5725887
2026-08-10T07:01:35.247Z,3,0,3,0,0,0.000000,0.000000,0,83715,100,0,0,1122,5727197
2026-08-10T07:01:36.302Z,3,0,3,0,0,0.000000,0.000000,0,83724,100,0,0,1122,5728086
2026-08-10T07:01:37.350Z,3,0,3,0,0,0.000000,0.000000,0,83749,100,0,0,1122,5729215
2026-08-10T07:01:38.396Z,3,0,3,0,0,0.000000,0.000000,0,83775,100,0,0,1122,5730209
2026-08-10T07:01:39.445Z,3,0,3,0,0,0.000000,0.000000,0,83784,100,0,0,1122,5731116
2026-08-10T07:01:40.502Z,3,0,3,0,0,0.000000,0.000000,0,83795,100,0,0,1122,5731987
2026-08-10T07:01:41.553Z,3,0,3,0,0,0.000000,0.000000,0,83797,100,0,0,1122,5732632
2026-08-10T07:01:42.601Z,3,0,3,0,0,0.000000,0.000000,0,83825,100,0,0,1122,5733842
2026-08-10T07:01:43.651Z,3,0,3,0,0,0.000000,0.000000,0,83859,100,0,0,1122,5734996
2026-08-10T07:01:44.698Z,3,0,3,0,0,0.000000,0.000000,0,83881,100,0,0,1122,5735847
2026-08-10T07:01:45.756Z,3,0,3,0,0,0.000000,0.000000,0,83907,100,0,0,1122,5736876
2026-08-10T07:01:46.830Z,3,0,3,0,0,0.000000,0.000000,0,83934,100,0,0,1122,5737834
2026-08-10T07:01:47.919Z,3,0,3,0,0,0.000000,0.000000,0,83943,100,0,0,1122,5738524
2026-08-10T07:01:48.979Z,3,0,3,0,0,0.000000,0.000000,0,83951,100,0,0,1122,5739310
2026-08-10T07:01:50.040Z,3,0,3,0,0,0.000000,0.000000,0,83974,100,0,0,1122,5740231
2026-08-10T07:01:51.094Z,3,0,3,0,0,0.000000,0.000000,0,83981,100,0,0,1122,5741117
2026-08-10T07:01:52.150Z,3,0,3,0,0,0.000000,0.000000,0,83992,100,0,0,1122,5741882
2026-08-10T07:01:53.211Z,3,0,3,0,0,0.000000,0.000000,0,83996,100,0,0,1122,5742631
2026-08-10T07:01:54.271Z,3,0,3,0,0,0.000000,0.000000,0,84005,100,0,0,1122,5743459
2026-08-10T07:01:55.332Z,3,0,3,0,0,0.000000,0.000000,0,84012,100,0,0,1122,5744183
2026-08-10T07:01:56.392Z,3,0,3,0,0,0.000000,0.000000,0,84027,100,0,0,1122,5745094
2026-08-10T07:01:57.456Z,3,0,3,0,0,0.000000,0.000000,0,84031,100,0,0,1122,5745743
2026-08-10T07:01:58.518Z,3,0,3,0,0,0.000000,0.000000,0,84036,100,0,0,1122,5746396
2026-08-10T07:01:59.578Z,3,0,3,0,0,0.000000,0.000000,0,84038,100,0,0,1122,5747041
2026-08-10T07:02:00.642Z,3,0,3,0,0,0.000000,0.000000,0,84080,100,0,0,1122,5748165
2026-08-10T07:02:01.701Z,3,0,3,0,0,0.000000,0.000000,0,84082,100,0,0,1122,5748810
2026-08-10T07:02:02.764Z,3,0,3,0,0,0.000000,0.000000,0,84088,100,0,0,1122,5749490
2026-08-10T07:02:03.825Z,3,0,3,0,0,0.000000,0.000000,0,84094,100,0,0,1122,5750243
2026-08-10T07:02:04.876Z,3,0,3,0,0,0.000000,0.000000,0,84100,100,0,0,1122,5750925
2026-08-10T07:02:05.935Z,3,0,3,0,0,0.000000,0.000000,0,84121,100,0,0,1122,5751773
2026-08-10T07:02:07.024Z,3,0,3,0,0,0.000000,0.000000,0,84127,100,0,0,1122,5752555
2026-08-10T07:02:08.094Z,3,0,3,0,0,0.000000,0.000000,0,84129,100,0,0,1122,5753200
2026-08-10T07:02:09.162Z,3,0,3,0,0,0.000000,0.000000,0,84133,100,0,0,1122,5753918
2026-08-10T07:02:10.226Z,3,0,3,0,0,0.000000,0.000000,0,84137,100,0,0,1122,5754567
2026-08-10T07:02:11.295Z,3,0,3,0,0,0.000000,0.000000,0,84139,100,0,0,1122,5755212
2026-08-10T07:02:12.351Z,3,0,3,0,0,0.000000,0.000000,0,84145,100,0,0,1122,5755934
2026-08-10T07:02:13.414Z,3,0,3,0,0,0.000000,0.000000,0,84147,100,0,0,1122,5756579
2026-08-10T07:02:14.469Z,3,0,3,0,0,0.000000,0.000000,0,84153,100,0,0,1122,5757301
